file,step,task_id,prompt,response,correctness_0_5,completeness_0_5,clarity_0_5,notes,,,
step1_basic.json,basic,t1,"You are a helpful assistant.

Context:
United FC is building ""GoalSense"", a football performance and fan engagement app. Users can track live match stats, follow their favorite players, set team goals, and receive personalized insights.
New roadmap items include: AI-driven match predictions, injury-risk analysis, fantasy league integration, and advanced training automation for youth players.
The team monitors key football and business metrics such as possession percentage, pass accuracy, shots on target, ticket sales, fan engagement, and player transfer value.

Question:
Summarize the key features of the GoalSense app.","Based on the provided information, here are the key features of the GoalSense app:

1. Live Match Stats Tracking: Users can track live match stats, such as possession percentage, pass accuracy, shots on target, and more.
2. Player Following: Users can follow their favorite players to stay updated on their performance.
3. Team Goals Setting: Users can set team goals to help them achieve a common objective.
4. Personalized Insights: The app provides personalized insights based on user data and analysis.
5. AI-driven Match Predictions: The app uses AI-driven algorithms to provide accurate predictions for upcoming matches.
6. Injury-risk Analysis: The app analyzes the risk of injuries to players, providing users with crucial information.
7. Fantasy League Integration: Users can integrate their fantasy league with GoalSense, allowing them to manage and track player performance across multiple platforms.
8. Advanced Training Automation for Youth Players: The app automates training sessions for youth players, providing personalized coaching and feedback.

Additionally, the team monitors key football and business metrics such as:

* Possession percentage
* Pass accuracy
* Shots on target
* Ticket sales
* Fan engagement
* Player transfer value

These features and metrics provide a comprehensive view of the app's performance and help users make data-driven decisions to improve their football experience.

",5,5,5,"Covers all key features, detailed, clear.",,,
step1_basic.json,basic,t2,"You are a helpful assistant.

Context:
United FC is building ""GoalSense"", a football performance and fan engagement app. Users can track live match stats, follow their favorite players, set team goals, and receive personalized insights.
New roadmap items include: AI-driven match predictions, injury-risk analysis, fantasy league integration, and advanced training automation for youth players.
The team monitors key football and business metrics such as possession percentage, pass accuracy, shots on target, ticket sales, fan engagement, and player transfer value.

Question:
List five KPIs United FC should track and explain why each matters.","As a helpful assistant, I'd be happy to provide five Key Performance Indicators (KPIs) for GoalSense that United FC should consider tracking, along with explanations for each:

1. **Average Match Attendance**: This metric helps the team understand how many fans are attending their matches and whether they're reaching their target audience. High attendance can indicate a strong fan base, while low attendance may suggest issues with ticket sales or match-day experience.

Why it matters: Understanding attendance data is crucial for identifying areas to improve the fan experience, increasing revenue through better ticket sales, and informing marketing strategies.

2. **Revenue from Ticket Sales**: This KPI tracks the total amount of money generated from ticket sales, including average ticket price, number of tickets sold per match, and revenue growth over time. This helps the team evaluate the effectiveness of their matchday revenue streams and make informed decisions about pricing, promotions, or additional services.

Why it matters: Ticket sales data informs strategic decisions regarding pricing, ticketing, and matchday operations, ensuring that United FC is maximizing its revenue potential while maintaining a competitive edge.

3. **Player Matchday Revenue**: This KPI measures the total revenue generated from player matchday activities, such as jersey sales, hospitality packages, and sponsorships. It helps the team understand how players contribute to matchday revenue and whether their value is being maximized through various marketing initiatives.

Why it matters: Understanding player matchday revenue informs decisions on player endorsements, sponsorship opportunities, and other revenue-generating strategies that can help drive business growth.

4. **Fan Engagement Metrics (e.g., Social Media Follows, Event Attendance)**: These metrics gauge the level of engagement with the brand, including social media activity, attendance at events, and overall fan loyalty. This helps United FC evaluate the effectiveness of its marketing efforts, customer service, and community-building initiatives.

Why it matters: Fan engagement data informs decisions on content creation, advertising strategies, and community outreach programs that can help build a strong, loyal fan base and drive business growth.

5. **Player Transfer Value**: This KPI measures the value of player sales compared to their transfer fees, including the revenue generated from matches, sponsorships, and other sources. It helps the team evaluate the financial performance of its players and identify areas for improvement in terms of transfer strategy and valuation.

Why it matters: Understanding player transfer value informs decisions on player pricing, contract negotiations, and recruitment strategies that can help maximize the team's financial returns while maintaining a competitive edge.

By tracking these KPIs, United FC will be able to monitor progress toward its goals, make data-driven decisions, and optimize its operations to drive business growth and fan engagement.

",4,5,4,"KPIs are relevant, some explanations are a bit verbose.",,,
step1_basic.json,basic,t3,"You are a helpful assistant.

Context:
United FC is building ""GoalSense"", a football performance and fan engagement app. Users can track live match stats, follow their favorite players, set team goals, and receive personalized insights.
New roadmap items include: AI-driven match predictions, injury-risk analysis, fantasy league integration, and advanced training automation for youth players.
The team monitors key football and business metrics such as possession percentage, pass accuracy, shots on target, ticket sales, fan engagement, and player transfer value.

Question:
Propose two experiments to increase fan engagement and stadium attendance.","As a helpful assistant, I'd be happy to propose two experiments to increase fan engagement and stadium attendance for United FC's ""GoalSense"" app:

**Experiment 1: Gamification-based Incentives**

Objective: To encourage fans to engage with the app, share their experiences, and interact with each other through rewards and leaderboards.

Design:

* Create a virtual ""Badges"" system, where users can earn badges for:
	+ Completing daily check-ins
	+ Following specific teams or players
	+ Sharing match-related content on social media
	+ Participating in online discussions related to the team
* Implement a points-based scoring system, where fans earn points for each badge earned. Users with more points can win prizes, such as:
	+ Exclusive access to pre-match talks with coaches and players
	+ Early entry to stadium tours or VIP experiences
	+ Discounts on merchandise or tickets
* Leverage social media platforms to promote the experiment and encourage user-generated content. Create a branded hashtag (#GoalSenseFest) for fans to share their experiences, photos, and videos.

Metrics to measure success:

* Increase daily check-in completion rates
* Growth of the ""Badges"" system
* Engagement metrics (e.g., social media interactions, app downloads)
* Attendance at matches where participating users are featured in live streams or on-air promotions

**Experiment 2: Interactive Matchday Experiences**

Objective: To create immersive and engaging matchday experiences for fans by leveraging user-generated content, interactive elements, and real-time data.

Design:

* Develop a dedicated ""Matchday Moments"" app within the GoalSense platform, allowing users to share their personal matchday memories and stories.
* Integrate a social media integration feature that enables fans to share photos, videos, or written updates from their favorite matches using a branded hashtag (#GoalSenseMoments).
* Create interactive elements, such as:
	+ A ""Fan of the Week"" feature, showcasing users' most recent achievements
	+ Live polls and quizzes related to matchday topics (e.g., team history, player stats)
	+ Real-time updates on stadium amenities, like food or drink options, based on user-submitted suggestions
* Collaborate with United FC's social media teams to promote the experiment through live streams, videos, and graphics.

Metrics to measure success:

* Growth of #GoalSenseMoments hashtag usage
* Increase in daily engagement rates for Matchday Moments app
* User-generated content (UGC) volume and quality
* Attendance at matches featuring participating users or interactive elements

",4,5,4,"Two creative experiments, well explained, slightly wordy.",,,
step1_basic.json,basic,t4,"You are a helpful assistant.

Context:
United FC is building ""GoalSense"", a football performance and fan engagement app. Users can track live match stats, follow their favorite players, set team goals, and receive personalized insights.
New roadmap items include: AI-driven match predictions, injury-risk analysis, fantasy league integration, and advanced training automation for youth players.
The team monitors key football and business metrics such as possession percentage, pass accuracy, shots on target, ticket sales, fan engagement, and player transfer value.

Question:
Draft a short FAQ: 'How does goal-tracking work on GoalSense?'.","Here's a draft of the FAQ section for ""GoalSense"":

**Frequently Asked Questions - How does GoalSense work?**

Q: What types of data will I be able to track and analyze?
A: With GoalSense, you'll have access to live match stats, including possession percentage, pass accuracy, shots on target, and more. You can also set team goals and follow your favorite players.

Q: How do AI-driven match predictions work?
A: Our AI technology analyzes historical data, current trends, and real-time performance metrics to predict the outcome of matches. While no prediction is 100% accurate, GoalSense uses a combination of machine learning algorithms to provide informed insights.

Q: What kind of injury-risk analysis can I expect on GoalSense?
A: Our advanced analytics tools analyze player and team data to identify potential injury risks based on factors like match schedule, opponent strength, and individual player health. This helps you make more informed decisions about training and injury prevention.

Q: How does fantasy league integration work on GoalSense?
A: We've made it easy to play fantasy football with GoalSense! Simply create a fantasy team, set your lineup, and our app will provide expert advice on strategy and player performance.

Q: Can I use advanced training automation for youth players in GoalSense?
A: Yes, GoalSense offers advanced training plans that can be tailored to specific age groups and skill levels. Our system analyzes player data and adjusts the training program accordingly to help young players improve faster and more efficiently.

Q: What kind of business metrics will I see on GoalSense?
A: As a valued user, you'll have access to key football and business metrics such as ticket sales, fan engagement, and player transfer value. These insights can help you optimize your strategy, make data-driven decisions, and drive business growth.

",4,4,4,FAQ is comprehensive but mixes unrelated info.,,,
step1_basic.json,basic,t5,"You are a helpful assistant.

Context:
United FC is building ""GoalSense"", a football performance and fan engagement app. Users can track live match stats, follow their favorite players, set team goals, and receive personalized insights.
New roadmap items include: AI-driven match predictions, injury-risk analysis, fantasy league integration, and advanced training automation for youth players.
The team monitors key football and business metrics such as possession percentage, pass accuracy, shots on target, ticket sales, fan engagement, and player transfer value.

Question:
Explain how ticket sales and fan lifetime value (LTV) relate and why they are important for the club.","As a helpful assistant, I'd be happy to explain the relationship between ticket sales and fan lifetime value (LTV), as well as why these metrics are crucial for United FC.

**Ticket Sales and Fan Lifetime Value (LTV)**

Ticket sales and fan lifetime value (LTV) are two interconnected but distinct concepts in the football industry. Ticket sales represent a single transaction, where fans purchase tickets to attend matches. However, a fan's engagement with the club extends beyond a single ticket sale. The value of these fans lies in their loyalty, retention, and overall contribution to the club's success.

**Why is ticket sales important?**

1. **Revenue generation**: Ticket sales provide a significant revenue stream for clubs, helping to offset costs associated with matchday operations, player transfers, and marketing.
2. **Brand exposure**: By selling tickets, clubs increase their visibility and reach new audiences, which can lead to increased brand recognition and reputation.
3. **Fan retention**: Encouraging ticket sales helps retain existing fans, reducing the risk of losing them to rival clubs or other teams.

**Why is fan lifetime value (LTV) important?**

1. **Cost savings**: By retaining existing fans, clubs can avoid the costs associated with acquiring new talent through player transfers.
2. **Improved brand loyalty**: Focusing on maintaining current fan bases leads to a more loyal and dedicated fan base, which can drive long-term success for the club.
3. **Competitive advantage**: A strong fan base can provide a competitive edge in attracting top players, sponsors, and fans, ultimately driving the club's reputation and growth.

**Relationship between ticket sales and LTV**

1. **Ticket sales directly impact LTV**: When tickets sell well, it indicates that fans are engaged with the club, leading to higher LTV.
2. **LTV supports revenue growth**: Increased ticket sales lead to increased revenue for the club, which can be used to invest in other areas of the business or improve fan engagement.

**United FC's specific case**

As a football club, United FC needs to strike a balance between generating revenue through ticket sales and investing in initiatives that drive fan loyalty and retention. By focusing on advanced training automation for youth players (one of the new roadmap items), the club can attract top talent while also retaining existing fans. Additionally, effective ticket sales management will be crucial in supporting this strategy.

By prioritizing both ticket sales and LTV, United FC can create a robust business model that drives success on and off the pitch.

",5,5,5,Explains relationship and importance well.,,,
step1_basic.json,basic,t6,"You are a helpful assistant.

Context:
United FC is building ""GoalSense"", a football performance and fan engagement app. Users can track live match stats, follow their favorite players, set team goals, and receive personalized insights.
New roadmap items include: AI-driven match predictions, injury-risk analysis, fantasy league integration, and advanced training automation for youth players.
The team monitors key football and business metrics such as possession percentage, pass accuracy, shots on target, ticket sales, fan engagement, and player transfer value.

Question:
Recommend two football strategies suitable for a defensive-minded team.","Based on the requirements of United FC's ""GoalSense"" app, I'd be happy to provide two football strategies that are particularly well-suited for a defensive-minded team:

**Strategy 1: Counter-Attacking with Possession-Based Defending**

This strategy focuses on using possession to control the game and create scoring opportunities through counter-attacks. To implement this strategy:

* Monitor key metrics such as possession percentage, pass accuracy, and shots on target to identify moments when the defensive line can hold off an opponent's attack.
* Use AI-driven match predictions to anticipate when an opponent is likely to transition from defense to offense, and prepare a counter-attack accordingly.
* Set team goals to focus on creating scoring opportunities through direct transitions, using tactics like ""switching"" or ""double-swap"".
* Integrate fantasy league functionality to allow fans to earn points for their team's defensive efforts.

Example: If United FC is facing an opponent with high possession percentage and passing accuracy, they might use AI-driven predictions to anticipate a transition. At the same time, they could set team goals to focus on creating scoring opportunities through direct transitions.

**Strategy 2: High-Intensity Pressing with Advanced Training Automation**

This strategy emphasizes using high-intensity pressing tactics, combined with advanced training automation for youth players. To implement this strategy:

* Monitor key metrics such as possession percentage, pass accuracy, and shots on target to identify moments when the defensive line can apply high-intensity pressing.
* Use AI-driven match predictions to anticipate when an opponent is likely to transition from defense to offense, and adjust the press accordingly.
* Integrate advanced training automation for youth players to develop skills like tackling, passing, and movement in high-pressure situations.

Example: If United FC is facing a team with low possession percentage and poor shots on target, they might use AI-driven predictions to anticipate a transition. At the same time, they could integrate advanced training automation for youth players to provide them with extra practice in high-intensity pressing situations.

Both strategies focus on using data-driven insights to identify opportunities and create scoring chances, while also emphasizing the importance of defensive solidity and high-intensity pressing tactics.

",4,4,4,"Strategies are reasonable, but some details are speculative.",,,
step2_structured.json,structured,t1,"You are a helpful assistant. Return the answer in **strict JSON** with keys:
- ""answer"": string
- ""supporting_facts"": list of short strings derived from the context
- ""confidence"": number in [0,1]

Context:
United FC is building ""GoalSense"", a football performance and fan engagement app. Users can track live match stats, follow their favorite players, set team goals, and receive personalized insights.
New roadmap items include: AI-driven match predictions, injury-risk analysis, fantasy league integration, and advanced training automation for youth players.
The team monitors key football and business metrics such as possession percentage, pass accuracy, shots on target, ticket sales, fan engagement, and player transfer value.

Question:
Summarize the key features of the GoalSense app.

If something is unknowable from the context, set ""confidence"": 0 and use an empty ""supporting_facts"".","**{
  ""answer"": ""GoalSense App Key Features"",
  ""supporting_facts"": [
    ""AI-driven match predictions for improved football performance analysis"",
    ""Injury-risk analysis for enhanced player safety and team preparation"",
    ""Fantasy league integration to enhance user engagement"",
    ""Advanced training automation for youth players for better development""
  ],
  ""confidence"": 0.5
}**

",4,3,4,"JSON format, covers main features, but omits some details.",,,
step2_structured.json,structured,t2,"You are a helpful assistant. Return the answer in **strict JSON** with keys:
- ""answer"": string
- ""supporting_facts"": list of short strings derived from the context
- ""confidence"": number in [0,1]

Context:
United FC is building ""GoalSense"", a football performance and fan engagement app. Users can track live match stats, follow their favorite players, set team goals, and receive personalized insights.
New roadmap items include: AI-driven match predictions, injury-risk analysis, fantasy league integration, and advanced training automation for youth players.
The team monitors key football and business metrics such as possession percentage, pass accuracy, shots on target, ticket sales, fan engagement, and player transfer value.

Question:
List five KPIs United FC should track and explain why each matters.

If something is unknowable from the context, set ""confidence"": 0 and use an empty ""supporting_facts"".","```json
{
  ""answer"": ""The following are five key performance indicators (KPIs) for GoalSense that United FC should track to effectively monitor football operations and fan engagement."",
  ""supporting_facts"": [
    ""Tracking possession percentage helps analyze team control and strategy, informing decisions on player lineups and tactics."",
    ""Analyzing pass accuracy assesses the quality of passes received by players, influencing transfer decisions and team formation strategies."",
    ""Shots on target measures the number of successful shots taken, impacting both offense and defense metrics, such as shot conversion rates."",
    ""Ticket sales provide valuable insights into fan interest and engagement with the brand, allowing for data-driven decision-making on marketing efforts."",
    ""Fan engagement is crucial to maintaining a loyal customer base, enabling United FC to measure progress toward its goals through various metrics.""
  ],
  ""confidence"": 0.8
}
```

",4,4,4,"KPIs are relevant, explanations concise.",,,
step2_structured.json,structured,t3,"You are a helpful assistant. Return the answer in **strict JSON** with keys:
- ""answer"": string
- ""supporting_facts"": list of short strings derived from the context
- ""confidence"": number in [0,1]

Context:
United FC is building ""GoalSense"", a football performance and fan engagement app. Users can track live match stats, follow their favorite players, set team goals, and receive personalized insights.
New roadmap items include: AI-driven match predictions, injury-risk analysis, fantasy league integration, and advanced training automation for youth players.
The team monitors key football and business metrics such as possession percentage, pass accuracy, shots on target, ticket sales, fan engagement, and player transfer value.

Question:
Propose two experiments to increase fan engagement and stadium attendance.

If something is unknowable from the context, set ""confidence"": 0 and use an empty ""supporting_facts"".","```json
{
    ""answer"": ""Two proposed experiments to increase fan engagement and stadium attendance are as follows."",
    ""supporting_facts"": [
        ""Experiment 1: 'Fan of the Week' Social Media Campaign"",
        ""Experiment 2: In-Game Analytics and Real-Time Feedback""
    ],
    ""confidence"": 0.8
}
```

",3,3,4,Experiments are plausible but lack detail.,,,
step2_structured.json,structured,t4,"You are a helpful assistant. Return the answer in **strict JSON** with keys:
- ""answer"": string
- ""supporting_facts"": list of short strings derived from the context
- ""confidence"": number in [0,1]

Context:
United FC is building ""GoalSense"", a football performance and fan engagement app. Users can track live match stats, follow their favorite players, set team goals, and receive personalized insights.
New roadmap items include: AI-driven match predictions, injury-risk analysis, fantasy league integration, and advanced training automation for youth players.
The team monitors key football and business metrics such as possession percentage, pass accuracy, shots on target, ticket sales, fan engagement, and player transfer value.

Question:
Draft a short FAQ: 'How does goal-tracking work on GoalSense?'.

If something is unknowable from the context, set ""confidence"": 0 and use an empty ""supporting_facts"".","```
{
  ""answer"": ""GoalSense allows users to track live match stats, follow their favorite players, set team goals, and receive personalized insights."",
  ""supporting_facts"": [],
  ""confidence"": 0.9
}
```

",3,3,4,"FAQ is brief, lacks depth.",,,
step2_structured.json,structured,t5,"You are a helpful assistant. Return the answer in **strict JSON** with keys:
- ""answer"": string
- ""supporting_facts"": list of short strings derived from the context
- ""confidence"": number in [0,1]

Context:
United FC is building ""GoalSense"", a football performance and fan engagement app. Users can track live match stats, follow their favorite players, set team goals, and receive personalized insights.
New roadmap items include: AI-driven match predictions, injury-risk analysis, fantasy league integration, and advanced training automation for youth players.
The team monitors key football and business metrics such as possession percentage, pass accuracy, shots on target, ticket sales, fan engagement, and player transfer value.

Question:
Explain how ticket sales and fan lifetime value (LTV) relate and why they are important for the club.

If something is unknowable from the context, set ""confidence"": 0 and use an empty ""supporting_facts"".","```json
{
    ""answer"": ""Ticket sales and fan lifetime value are crucial for United FC as it enables the club to generate revenue and maintain a loyal fan base."",
    ""supporting_facts"": [
        ""Ticket sales help cover operational costs, such as stadium maintenance and staff salaries."",
        ""Fan lifetime value (LTV) measures the average amount of money a fan is expected to spend with the club over their lifetime. A higher LTV indicates a more valuable fan."",
        ""United FC can use data on ticket sales and fan behavior to inform marketing decisions, develop new revenue streams, and attract new fans.""
    ],
    ""confidence"": 0.9
}
```

",4,4,4,"Good summary, supporting facts relevant.",,,
step2_structured.json,structured,t6,"You are a helpful assistant. Return the answer in **strict JSON** with keys:
- ""answer"": string
- ""supporting_facts"": list of short strings derived from the context
- ""confidence"": number in [0,1]

Context:
United FC is building ""GoalSense"", a football performance and fan engagement app. Users can track live match stats, follow their favorite players, set team goals, and receive personalized insights.
New roadmap items include: AI-driven match predictions, injury-risk analysis, fantasy league integration, and advanced training automation for youth players.
The team monitors key football and business metrics such as possession percentage, pass accuracy, shots on target, ticket sales, fan engagement, and player transfer value.

Question:
Recommend two football strategies suitable for a defensive-minded team.

If something is unknowable from the context, set ""confidence"": 0 and use an empty ""supporting_facts"".","```json
{
    ""answer"": ""We recommend using Zone Defending or 4-3-3 strategy."",
    ""supporting_facts"": [
        ""- Zone Defending is a common approach for defensive-minded teams as it allows them to concentrate on the opponent's weakest points."",
        ""- The 4-3-3 formation provides flexibility and can be adjusted to suit different game situations.""
    ],
    ""confidence"": 0.8
}
```

",3,3,4,"Strategies are generic, not fully grounded in context.",,,
step3_fewshot.json,fewshot,t1,"You are a helpful assistant. Here are some QA examples:

Q: What does possession percentage mean?
A: It measures the share of time a team controls the ball during a match, reflecting dominance and ability to dictate play.

Q: Name two roadmap features in GoalSense and briefly describe them.
A: - AI-driven match predictions: personalized forecasts of match outcomes based on team form and player stats.
- Fantasy league integration: allows fans to build virtual squads and compete using real-world player performance.

Q: Suggest one experiment to increase stadium attendance.
A: Introduce discounted family ticket bundles and loyalty perks for repeat attendees to boost turnout on match days.

Now answer the new question using the context below.

Context:
United FC is building ""GoalSense"", a football performance and fan engagement app. Users can track live match stats, follow their favorite players, set team goals, and receive personalized insights.
New roadmap items include: AI-driven match predictions, injury-risk analysis, fantasy league integration, and advanced training automation for youth players.
The team monitors key football and business metrics such as possession percentage, pass accuracy, shots on target, ticket sales, fan engagement, and player transfer value.

Question:
Summarize the key features of the GoalSense app.","Here's a summary of the key features of the GoalSense app:

- Live match statistics tracking
- Player follow-up and team goal setting
- Personalized insights from AI-driven match predictions
- Fantasy league integration for virtual squad building and competition
- Advanced training automation for youth players
- Monitoring of football metrics such as possession percentage, pass accuracy, shots on target, ticket sales, fan engagement, and player transfer value.

",5,5,5,"All features listed, clear and concise.",,,
step3_fewshot.json,fewshot,t2,"You are a helpful assistant. Here are some QA examples:

Q: What does possession percentage mean?
A: It measures the share of time a team controls the ball during a match, reflecting dominance and ability to dictate play.

Q: Name two roadmap features in GoalSense and briefly describe them.
A: - AI-driven match predictions: personalized forecasts of match outcomes based on team form and player stats.
- Fantasy league integration: allows fans to build virtual squads and compete using real-world player performance.

Q: Suggest one experiment to increase stadium attendance.
A: Introduce discounted family ticket bundles and loyalty perks for repeat attendees to boost turnout on match days.

Now answer the new question using the context below.

Context:
United FC is building ""GoalSense"", a football performance and fan engagement app. Users can track live match stats, follow their favorite players, set team goals, and receive personalized insights.
New roadmap items include: AI-driven match predictions, injury-risk analysis, fantasy league integration, and advanced training automation for youth players.
The team monitors key football and business metrics such as possession percentage, pass accuracy, shots on target, ticket sales, fan engagement, and player transfer value.

Question:
List five KPIs United FC should track and explain why each matters.","Based on the GoalSense app and its features, here are five key performance indicators (KPIs) that United FC should consider tracking:

1. **Injury-risk analysis percentage**: This KPI can help the team identify high-risk players who are more likely to suffer injuries, reducing the risk of player absences and costly transfers. By analyzing injury statistics, GoalSense can provide insights into potential injury risks and alert medical staff or coaches accordingly.

Matters about this KPI: It helps the team make informed decisions about player selection, training sessions, and match day personnel. This can lead to improved safety for players, reduced injuries, and ultimately increase fan satisfaction.

2. **Ticket sales growth rate**: This KPI tracks the overall success of ticket sales campaigns, including promotions, special offers, and loyalty programs. By monitoring this metric, GoalSense can help identify areas for improvement in marketing efforts and optimize future campaigns to achieve similar results.

Matters about this KPI: It demonstrates the team's ability to effectively promote their events, which is crucial for attracting and retaining fans. Positive ticket sales growth can lead to increased revenue, enhanced fan engagement, and a stronger brand reputation.

3. **Fan engagement metrics**: This KPI measures how well GoalSense is engaging with its users, including user retention rates, social media conversations, and overall app usage. By analyzing these metrics, the team can identify opportunities to improve the user experience, enhance the app's functionality, or optimize marketing efforts.

Matters about this KPI: It indicates whether GoalSense is meeting its intended purpose of connecting fans with football content and promoting the club. Positive fan engagement metrics can lead to increased loyalty, improved social media presence, and enhanced brand reputation.

4. **Player transfer value**: This KPI tracks the relative performance of player transfers over time, including their value to the team. By monitoring this metric, GoalSense can help identify players who are underperforming or those whose sale could bring in significant revenue through a transfer fee.

Matters about this KPI: It provides valuable insights for managers and decision-makers on which players to target when considering transfer moves. This information can be used to build a strong team, attract top talent, or sell players for maximum value.

5. **User retention rate**: This KPI measures the percentage of users who remain active within GoalSense over time. By tracking this metric, the team can identify areas where users are dropping off and develop targeted strategies to retain them. This includes implementing loyalty programs, improving user experience, and providing ongoing support and engagement.

Matters about this KPI: It highlights the effectiveness of GoalSense in keeping users engaged and invested in the app. A high retention rate can lead to increased revenue through advertising, sponsorships, or other means, as well as enhanced brand reputation and positive word-of-mouth among fans.

",4,5,4,"KPIs are relevant, some explanations are a bit long.",,,
step3_fewshot.json,fewshot,t3,"You are a helpful assistant. Here are some QA examples:

Q: What does possession percentage mean?
A: It measures the share of time a team controls the ball during a match, reflecting dominance and ability to dictate play.

Q: Name two roadmap features in GoalSense and briefly describe them.
A: - AI-driven match predictions: personalized forecasts of match outcomes based on team form and player stats.
- Fantasy league integration: allows fans to build virtual squads and compete using real-world player performance.

Q: Suggest one experiment to increase stadium attendance.
A: Introduce discounted family ticket bundles and loyalty perks for repeat attendees to boost turnout on match days.

Now answer the new question using the context below.

Context:
United FC is building ""GoalSense"", a football performance and fan engagement app. Users can track live match stats, follow their favorite players, set team goals, and receive personalized insights.
New roadmap items include: AI-driven match predictions, injury-risk analysis, fantasy league integration, and advanced training automation for youth players.
The team monitors key football and business metrics such as possession percentage, pass accuracy, shots on target, ticket sales, fan engagement, and player transfer value.

Question:
Propose two experiments to increase fan engagement and stadium attendance.","Based on the context of United FC's ""GoalSense"" app and its new roadmap items, here are two experiment suggestions to increase fan engagement and stadium attendance:

Experiment 1: **Injury-Risk Prediction System**

Objective: To gather data on injury risk and analyze it using machine learning algorithms in real-time, providing fans with personalized insights on their favorite players' chances of returning from injuries.

How to execute:

* Partner with United FC's medical team and sports scientists to collect data on past injuries, player stats, and match results.
* Develop a predictive model that takes into account factors like injury history, playing time, and opponent strength.
* Integrate the model into the app for real-time analysis of players' chances of returning from injuries.
* Allow users to set ""risk levels"" for individual players or teams, enabling them to receive personalized recommendations on whether a player is likely to recover or not.

Expected outcome: Fans will be able to make more informed decisions about their favorite players and clubs when it comes to injuries. This can lead to increased interest in the app and potentially even drive ticket sales.

Experiment 2: **Personalized Matchday Experiences**

Objective: To create a seamless, fan-centric experience for matchday, leveraging data from ""GoalSense"" and integrating it with stadium operations to enhance the overall fan journey.

How to execute:

* Collaborate with United FC's stadium management team to integrate data on attendance, ticket sales, and other metrics into the app.
* Develop personalized recommendations for each game, including suggestions for teams to play, opponents to face, and social media content tailored to specific matches or fixtures.
* Integrate this data with stadium operations to optimize matchday resources (e.g., staffing, concessions, and security) based on fan behavior and preferences.

Expected outcome: Fans will have a more tailored experience at the stadium, leading to increased satisfaction, loyalty, and ultimately, attendance.

",4,5,4,"Experiments are creative, well explained.",,,
step3_fewshot.json,fewshot,t4,"You are a helpful assistant. Here are some QA examples:

Q: What does possession percentage mean?
A: It measures the share of time a team controls the ball during a match, reflecting dominance and ability to dictate play.

Q: Name two roadmap features in GoalSense and briefly describe them.
A: - AI-driven match predictions: personalized forecasts of match outcomes based on team form and player stats.
- Fantasy league integration: allows fans to build virtual squads and compete using real-world player performance.

Q: Suggest one experiment to increase stadium attendance.
A: Introduce discounted family ticket bundles and loyalty perks for repeat attendees to boost turnout on match days.

Now answer the new question using the context below.

Context:
United FC is building ""GoalSense"", a football performance and fan engagement app. Users can track live match stats, follow their favorite players, set team goals, and receive personalized insights.
New roadmap items include: AI-driven match predictions, injury-risk analysis, fantasy league integration, and advanced training automation for youth players.
The team monitors key football and business metrics such as possession percentage, pass accuracy, shots on target, ticket sales, fan engagement, and player transfer value.

Question:
Draft a short FAQ: 'How does goal-tracking work on GoalSense?'.","Here's a draft FAQ for the ""GoalSense"" app:

**Q: How does goal-tracking work on GoalSense?**
A: On GoalSense, users can track their favorite teams and players in real-time during live matches. The app uses data from official football sources, such as match statistics and player performance metrics, to provide a comprehensive view of the game.

**Q: What kind of information is available for goal-tracking on GoalSense?**
A: With GoalSense, users can track key performance indicators (KPIs) like possession percentage, pass accuracy, shots on target, ticket sales, fan engagement, and player transfer value. These metrics will help them better understand their team's strengths and weaknesses.

**Q: How does GoalSense collect and analyze data?**
A: GoalSense leverages a combination of data sources, including official football leagues, match statistics, and analytics tools, to provide accurate and up-to-date information on teams and players. The app's AI-powered algorithms then analyze this data to generate detailed insights for users.

**Q: Are there any limitations or restrictions on goal-tracking on GoalSense?**
A: While GoalSense provides a wealth of information, the app aims to strike a balance between providing useful insights and protecting user privacy. For example, sensitive personal data may be anonymized or aggregated for security reasons.

Let me know if you'd like me to make any changes!

",4,5,4,"FAQ is detailed, covers multiple aspects.",,,
step3_fewshot.json,fewshot,t5,"You are a helpful assistant. Here are some QA examples:

Q: What does possession percentage mean?
A: It measures the share of time a team controls the ball during a match, reflecting dominance and ability to dictate play.

Q: Name two roadmap features in GoalSense and briefly describe them.
A: - AI-driven match predictions: personalized forecasts of match outcomes based on team form and player stats.
- Fantasy league integration: allows fans to build virtual squads and compete using real-world player performance.

Q: Suggest one experiment to increase stadium attendance.
A: Introduce discounted family ticket bundles and loyalty perks for repeat attendees to boost turnout on match days.

Now answer the new question using the context below.

Context:
United FC is building ""GoalSense"", a football performance and fan engagement app. Users can track live match stats, follow their favorite players, set team goals, and receive personalized insights.
New roadmap items include: AI-driven match predictions, injury-risk analysis, fantasy league integration, and advanced training automation for youth players.
The team monitors key football and business metrics such as possession percentage, pass accuracy, shots on target, ticket sales, fan engagement, and player transfer value.

Question:
Explain how ticket sales and fan lifetime value (LTV) relate and why they are important for the club.","Ticket sales and fan lifetime value (LTV) are intricately connected to a football club's success. Here's how they interrelate:

**Ticket Sales:**

1. **Revenue Generation:** Ticket sales provide a primary source of income for the club, allowing it to invest in infrastructure, staff, player transfers, and other operations.
2. **Fan Engagement:** Selling tickets encourages fans to attend matches, which is crucial for building a loyal fan base and creating a sense of community around the team.
3. **Revenue Streams:** Ticket sales offer various revenue streams, including merchandise sales, hospitality, and sponsorship deals.

**Fan Lifetime Value (LTV):**

1. **Retaining Fans:** A club's ability to retain its existing fans is critical for long-term success. LTV helps clubs understand which fans are most valuable and invest in retaining them.
2. **Predictive Analytics:** By analyzing ticket sales data, clubs can identify trends and patterns that indicate loyal fan segments, enabling targeted marketing efforts and improved engagement strategies.
3. **Player Acquisition and Retention:** Understanding the value of specific fan groups (e.g., die-hard supporters or families) helps clubs attract new fans while also encouraging existing ones to stay loyal.

**Why Ticket Sales and Fan Lifetime Value are Important:**

1. **Competitive Advantage:** A club with strong ticket sales and high LTV can differentiate itself from competitors, making it more attractive to sponsors and investors.
2. **Operational Efficiency:** Optimizing ticket sales and fan engagement enables clubs to allocate resources effectively, maximizing their return on investment.
3. **Strategic Decision-Making:** Insights from ticket sales and LTV analysis inform strategic decisions about player transfers, youth development programs, and marketing campaigns.

By understanding the relationship between ticket sales and fan lifetime value, United FC can make informed decisions that drive long-term success and build a loyal fan base.

",5,5,5,Explains relationship and importance very well.,,,
step3_fewshot.json,fewshot,t6,"You are a helpful assistant. Here are some QA examples:

Q: What does possession percentage mean?
A: It measures the share of time a team controls the ball during a match, reflecting dominance and ability to dictate play.

Q: Name two roadmap features in GoalSense and briefly describe them.
A: - AI-driven match predictions: personalized forecasts of match outcomes based on team form and player stats.
- Fantasy league integration: allows fans to build virtual squads and compete using real-world player performance.

Q: Suggest one experiment to increase stadium attendance.
A: Introduce discounted family ticket bundles and loyalty perks for repeat attendees to boost turnout on match days.

Now answer the new question using the context below.

Context:
United FC is building ""GoalSense"", a football performance and fan engagement app. Users can track live match stats, follow their favorite players, set team goals, and receive personalized insights.
New roadmap items include: AI-driven match predictions, injury-risk analysis, fantasy league integration, and advanced training automation for youth players.
The team monitors key football and business metrics such as possession percentage, pass accuracy, shots on target, ticket sales, fan engagement, and player transfer value.

Question:
Recommend two football strategies suitable for a defensive-minded team.","Based on the context provided about United FC's ""GoalSense"" app, I'll offer two football strategies that might be beneficial for a defensive-minded team:

1. **Counter-Pressing Strategy**: This approach involves identifying and pressuring the opponent after they gain possession of the ball, aiming to win the ball back quickly and neutralize their attacking threat. By pressuring high up the pitch, United FC can limit the opponent's time on the ball, creating turnovers that can be turned into counter-attacks.

To implement this strategy effectively:

* Players should be instructed to stay in front of the opponent's defense, using tackles and interceptions to win possession.
* A secondary role for midfielders could involve pressuring opponents high up the pitch while keeping a watchful eye on their own defensive line.
* United FC may also benefit from utilizing their advanced training automation features to develop faster and more accurate counter-pressing tactics.

2. **GegenPress Strategy**: This approach involves quickly winning the ball back immediately after gaining possession, rather than letting it sit in front of the opponent's defense. The idea is to catch the opponent off guard and create confusion, which can lead to mistakes or turnovers.

To implement this strategy effectively:

* Players should be taught to win the ball back quickly using tackles, interceptions, and other defensive techniques.
* United FC may also benefit from utilizing their AI-driven match predictions feature to anticipate when an opponent is likely to make a mistake or lose possession.
* A strong emphasis on fitness and agility training can help players improve their speed and reaction time, making it easier for them to execute the GegenPress strategy.

These strategies should complement each other well, as counter-pressing can be used in conjunction with a quick transition into a counter-attack.

",4,5,4,"Strategies are relevant, well explained.",,,
step4_cot.json,cot,t1,"You are a helpful assistant. Think step by step and show your reasoning (3–6 short steps). Use ONLY the CONTEXT below; do not invent facts. After reasoning, provide a one-line final answer prefixed with ""Final Answer:"". If the answer is unknowable from the context, state ""Unknown from context"".

Context:
United FC is building ""GoalSense"", a football performance and fan engagement app. Users can track live match stats, follow their favorite players, set team goals, and receive personalized insights.
New roadmap items include: AI-driven match predictions, injury-risk analysis, fantasy league integration, and advanced training automation for youth players.
The team monitors key football and business metrics such as possession percentage, pass accuracy, shots on target, ticket sales, fan engagement, and player transfer value.

Question:
Summarize the key features of the GoalSense app.","Here are the steps to summarize the key features of the GoalSense app:

1. The app tracks live match stats.
2. Users can follow their favorite players.
3. They set team goals.
4. It provides personalized insights.

These four points cover the main features of the GoalSense app as mentioned in the context.

",4,4,4,"Covers main features, step-by-step, but a bit brief.",,,
step4_cot.json,cot,t2,"You are a helpful assistant. Think step by step and show your reasoning (3–6 short steps). Use ONLY the CONTEXT below; do not invent facts. After reasoning, provide a one-line final answer prefixed with ""Final Answer:"". If the answer is unknowable from the context, state ""Unknown from context"".

Context:
United FC is building ""GoalSense"", a football performance and fan engagement app. Users can track live match stats, follow their favorite players, set team goals, and receive personalized insights.
New roadmap items include: AI-driven match predictions, injury-risk analysis, fantasy league integration, and advanced training automation for youth players.
The team monitors key football and business metrics such as possession percentage, pass accuracy, shots on target, ticket sales, fan engagement, and player transfer value.

Question:
List five KPIs United FC should track and explain why each matters.","Here are five KPIs that United FC should consider tracking:

1. **Ticket Sales**: This metric measures the number of tickets sold for each match, including revenue generated from ticket sales and concessions. It's essential to understand how many fans are attending matches and how much money is being made.

2. **Match Attendance (Live)**: While ticket sales provide a broader understanding, live attendance is crucial for tracking the success of specific matches and adjusting strategies accordingly. This KPI helps United FC optimize their home stadium layout and fan experience.

3. **Player Transfer Value**: This metric assesses the financial value of player transfers, which can impact future signings and revenue streams. It's essential to understand how quickly players are selling or not selling at all to gauge potential losses.

4. **Injury-Risk Analysis (Yard):** This KPI measures the number of injuries that occur during matches, providing valuable insights into the risk factors for injury in the team. This information can be used to identify areas where training programs need improvement.

5. **Fan Engagement Metrics**: While not directly tied to match outcomes or financials, fan engagement metrics like time spent on site, social media interactions, and overall attendance can provide an insight into how United FC is connecting with its fans and building a loyal following.

",4,4,4,"KPIs are relevant, explanations are clear.",,,
step4_cot.json,cot,t3,"You are a helpful assistant. Think step by step and show your reasoning (3–6 short steps). Use ONLY the CONTEXT below; do not invent facts. After reasoning, provide a one-line final answer prefixed with ""Final Answer:"". If the answer is unknowable from the context, state ""Unknown from context"".

Context:
United FC is building ""GoalSense"", a football performance and fan engagement app. Users can track live match stats, follow their favorite players, set team goals, and receive personalized insights.
New roadmap items include: AI-driven match predictions, injury-risk analysis, fantasy league integration, and advanced training automation for youth players.
The team monitors key football and business metrics such as possession percentage, pass accuracy, shots on target, ticket sales, fan engagement, and player transfer value.

Question:
Propose two experiments to increase fan engagement and stadium attendance.","To propose experiments that increase fan engagement and stadium attendance, I will follow these steps:

1. Identify the current situation: Since ""GoalSense"" is a football performance and fan engagement app, it's likely that fans have existing knowledge of the team, its players, and its matches.

2. Consider fan preferences: Fan engagement often involves personalization and interaction with the brand or product. Therefore, experimenting with user-generated content, social media integration, or gamification elements could be effective ways to increase engagement.

3. Think about the competitive landscape: To attract more fans, ""GoalSense"" might need to differentiate itself from existing sports apps by offering unique features, such as in-depth analysis of player performance or team strategy.

4. Research potential metrics for improvement: Stadium attendance and fan engagement can often be measured through quantitative metrics like attendance numbers, social media interactions, or fan surveys.

5. Brainstorm innovative ideas: Two possible experiments to increase fan engagement and stadium attendance could involve:
   - Experiment 1: ""Fan of the Week"" feature, where a random selection of users is featured on the app's homepage and receives exclusive access to premium content or events.
   - Experiment 2: In-game interactive elements, such as quizzes, polls, or trivia games that encourage fans to interact with the app during matches.

6. Evaluate potential outcomes: By monitoring key metrics (e.g., attendance numbers, social media interactions), it's possible to determine which experiments are more effective in increasing fan engagement and stadium attendance.

",4,4,4,"Experiments are plausible, reasoning is shown.",,,
step4_cot.json,cot,t4,"You are a helpful assistant. Think step by step and show your reasoning (3–6 short steps). Use ONLY the CONTEXT below; do not invent facts. After reasoning, provide a one-line final answer prefixed with ""Final Answer:"". If the answer is unknowable from the context, state ""Unknown from context"".

Context:
United FC is building ""GoalSense"", a football performance and fan engagement app. Users can track live match stats, follow their favorite players, set team goals, and receive personalized insights.
New roadmap items include: AI-driven match predictions, injury-risk analysis, fantasy league integration, and advanced training automation for youth players.
The team monitors key football and business metrics such as possession percentage, pass accuracy, shots on target, ticket sales, fan engagement, and player transfer value.

Question:
Draft a short FAQ: 'How does goal-tracking work on GoalSense?'.","Here's a 5-step reasoning process:

1. To understand how GoalSense works, we need to consider the features it offers, such as tracking live match stats, following favorite players, and setting team goals.
2. The app also provides insights into key football metrics like possession percentage, pass accuracy, shots on target, etc., which suggest that data analysis is a significant part of its functionality.
3. It's likely that GoalSense utilizes AI-driven tools to process and analyze this data, as mentioned in the roadmap items (e.g., AI-driven match predictions).
4. Advanced training automation for youth players implies that GoalSense might also use machine learning or similar techniques to optimize player development and performance.
5. Given these points, it's reasonable to conclude that goal-tracking on GoalSense involves a combination of data analysis, AI assistance, and potential machine learning-driven insights.

Final Answer: How does GoalSense work? It uses AI-driven match predictions, injury-risk analysis, fantasy league integration, and advanced training automation to analyze football metrics.

",4,4,4,"FAQ is reasoned, but answer is a bit generic.",,,
step4_cot.json,cot,t5,"You are a helpful assistant. Think step by step and show your reasoning (3–6 short steps). Use ONLY the CONTEXT below; do not invent facts. After reasoning, provide a one-line final answer prefixed with ""Final Answer:"". If the answer is unknowable from the context, state ""Unknown from context"".

Context:
United FC is building ""GoalSense"", a football performance and fan engagement app. Users can track live match stats, follow their favorite players, set team goals, and receive personalized insights.
New roadmap items include: AI-driven match predictions, injury-risk analysis, fantasy league integration, and advanced training automation for youth players.
The team monitors key football and business metrics such as possession percentage, pass accuracy, shots on target, ticket sales, fan engagement, and player transfer value.

Question:
Explain how ticket sales and fan lifetime value (LTV) relate and why they are important for the club.","Here's my step-by-step reasoning:

1. Ticket sales directly impact a football club's revenue, which is essential for its financial stability.
2. Fan engagement, including ticket sales, contributes to higher LTV, as fans who spend money on tickets show increased interest and loyalty towards the club.
3. High ticket sales can also translate into increased brand awareness and exposure, potentially leading to more opportunities for future revenue streams.
4. To maximize LTV, clubs should focus on creating a positive experience for their fans through effective matchday operations, engaging with supporters on social media, and offering unique fan experiences.

Based on these points, it's reasonable to conclude that ticket sales and fan lifetime value are closely related and important for the club's success.

",4,4,4,"Explains relationship, step-by-step, but could be more specific.",,,
step4_cot.json,cot,t6,"You are a helpful assistant. Think step by step and show your reasoning (3–6 short steps). Use ONLY the CONTEXT below; do not invent facts. After reasoning, provide a one-line final answer prefixed with ""Final Answer:"". If the answer is unknowable from the context, state ""Unknown from context"".

Context:
United FC is building ""GoalSense"", a football performance and fan engagement app. Users can track live match stats, follow their favorite players, set team goals, and receive personalized insights.
New roadmap items include: AI-driven match predictions, injury-risk analysis, fantasy league integration, and advanced training automation for youth players.
The team monitors key football and business metrics such as possession percentage, pass accuracy, shots on target, ticket sales, fan engagement, and player transfer value.

Question:
Recommend two football strategies suitable for a defensive-minded team.","Here are the steps to recommend two football strategies suitable for a defensive-minded team:

1. Identify the key performance indicators (KPIs) that align with the team's defensive strategy.
2. Analyze how AI-driven match predictions, injury-risk analysis, and fantasy league integration can be used to enhance defense.
3. Consider how advanced training automation for youth players can improve the team's overall defensive capabilities.

Based on this analysis, two football strategies suitable for a defensive-minded team could be:

- Implementing a ""Defensive Tactic"" strategy that focuses on high-intensity pressing and compact formations to win the ball back quickly.
- Utilizing AI-driven match predictions to identify potential counter-attacking opportunities and adjust the team's defense accordingly.

Final Answer: Defensive tactics with high-intensity pressing and compact formations, combined with AI-driven match predictions for strategic adjustments.

",4,4,4,"Strategies are relevant, reasoning is shown.",,,
,,,,,,,,,,,
,,,,,,,,,,,
,,,,,,,,,,,
,,,,,,,,,,,
,,,,,,,,,,,
,,,,,,,,,,,
,,,,,,,,,,,